{"cameraMode":{"drawMode":0,"name":"Shaded","section":"Shading Mode"},"sceneLighting":false,"audioPlay":false,"sceneViewState":{"showFog":true,"showMaterialUpdate":false,"showSkybox":false,"showFlares":true,"showImageEffects":true,"showParticleSystems":true},"in2DMode":false,"pivot":{"x":6.810484886169434,"y":-4.9613847732543949,"z":9.729928016662598},"rotation":{"x":-0.15818260610103608,"y":-0.3862532079219818,"z":0.06742062419652939,"w":-0.9062283039093018},"size":37.740684509277347,"orthographic":false}