{"cameraMode":{"drawMode":0,"name":"Shaded","section":"Shading Mode"},"sceneLighting":false,"audioPlay":false,"sceneViewState":{"showFog":true,"showMaterialUpdate":false,"showSkybox":true,"showFlares":true,"showImageEffects":true,"showParticleSystems":true},"in2DMode":false,"pivot":{"x":35.133975982666019,"y":-7.186149597167969,"z":21.676753997802736},"rotation":{"x":-0.23970232903957368,"y":-0.28827768564224245,"z":0.07478290796279907,"w":-0.9240530729293823},"size":89.45713806152344,"orthographic":false}