{"cameraMode":{"drawMode":0,"name":"Shaded","section":"Shading Mode"},"sceneLighting":false,"audioPlay":false,"sceneViewState":{"showFog":true,"showMaterialUpdate":false,"showSkybox":false,"showFlares":true,"showImageEffects":true,"showParticleSystems":true},"in2DMode":false,"pivot":{"x":0.0,"y":-0.0009855031967163087,"z":-0.079445481300354},"rotation":{"x":0.06931564211845398,"y":-0.8975227475166321,"z":0.1525050401687622,"w":0.4079429805278778},"size":1.1804702281951905,"orthographic":false}