{"count":1,"gauges":{},"self":281.20560639999997,"total":281.8660936,"children":{"AgentResetIfDone":{"count":13738,"self":0.0773483,"total":0.0773483,"children":null},"AgentSendState":{"count":13738,"self":0.0857223,"total":0.1407964,"children":{"CollectObservations":{"count":27480,"self":0.0550741,"total":0.0550741,"children":null}}},"DecideAction":{"count":13738,"self":0.0912244,"total":0.0912244,"children":null},"AcademyStep":{"count":13738,"self":0.0143944,"total":0.0143944,"children":null},"AgentAct":{"count":13738,"self":0.33623929999999996,"total":0.33623929999999996,"children":null}}}